{"cameraMode":{"drawMode":0,"name":"Shaded","section":"Shading Mode"},"sceneLighting":true,"audioPlay":false,"sceneViewState":{"showFog":true,"showMaterialUpdate":true,"showSkybox":true,"showFlares":true,"showImageEffects":true,"showParticleSystems":true},"in2DMode":false,"pivot":{"x":-82.62101745605469,"y":-56.4225959777832,"z":79.20436096191406},"rotation":{"x":-0.20472316443920136,"y":0.37664756178855898,"z":-0.08573520183563233,"w":-0.8993745446205139},"size":172.10060119628907,"orthographic":false}