{"cameraMode":{"drawMode":0,"name":"Shaded","section":"Shading Mode"},"sceneLighting":true,"audioPlay":false,"sceneViewState":{"showFog":true,"showMaterialUpdate":true,"showSkybox":true,"showFlares":true,"showImageEffects":true,"showParticleSystems":true},"in2DMode":false,"pivot":{"x":-5.3590168952941898,"y":-1.5443023443222047,"z":0.6365071535110474},"rotation":{"x":-0.14592798054218293,"y":0.6052964925765991,"z":-0.11409828066825867,"w":-0.774146556854248},"size":8.825573921203614,"orthographic":false}