{"cameraMode":{"drawMode":0,"name":"Shaded","section":"Shading Mode"},"sceneLighting":true,"audioPlay":false,"sceneViewState":{"showFog":true,"showMaterialUpdate":true,"showSkybox":true,"showFlares":true,"showImageEffects":true,"showParticleSystems":true},"in2DMode":false,"pivot":{"x":5.509801864624023,"y":3.9874794483184816,"z":-6.563526630401611},"rotation":{"x":0.18681582808494569,"y":-0.28593823313713076,"z":0.056932371109724048,"w":0.9381353855133057},"size":6.100526332855225,"orthographic":false}