{"cameraMode":{"drawMode":0,"name":"Shaded","section":"Shading Mode"},"sceneLighting":true,"audioPlay":false,"sceneViewState":{"showFog":true,"showMaterialUpdate":true,"showSkybox":true,"showFlares":true,"showImageEffects":true,"showParticleSystems":true},"in2DMode":false,"pivot":{"x":-78.15884399414063,"y":-120.01153564453125,"z":59.063499450683597},"rotation":{"x":-0.3802553117275238,"y":0.401492178440094,"z":-0.1880674809217453,"w":-0.8116899132728577},"size":170.39157104492188,"orthographic":false}