{"cameraMode":{"drawMode":0,"name":"Shaded","section":"Shading Mode"},"sceneLighting":true,"audioPlay":false,"sceneViewState":{"showFog":true,"showMaterialUpdate":true,"showSkybox":true,"showFlares":true,"showImageEffects":true,"showParticleSystems":true},"in2DMode":false,"pivot":{"x":-3.267009735107422,"y":-0.1710977554321289,"z":-0.14195537567138673},"rotation":{"x":0.3607875108718872,"y":-0.3760737478733063,"z":0.16191041469573975,"w":0.8379653096199036},"size":17.303592681884767,"orthographic":false}