{"cameraMode":{"drawMode":0,"name":"Shaded","section":"Shading Mode"},"sceneLighting":true,"audioPlay":false,"sceneViewState":{"showFog":true,"showMaterialUpdate":true,"showSkybox":true,"showFlares":true,"showImageEffects":true,"showParticleSystems":true},"in2DMode":false,"pivot":{"x":-0.8672428727149963,"y":1.495278239250183,"z":-0.9892773628234863},"rotation":{"x":-0.29623842239379885,"y":-0.582746148109436,"z":0.24063751101493836,"w":-0.7174562215805054},"size":3.9556939601898195,"orthographic":false}