{"cameraMode":{"drawMode":0,"name":"Shaded","section":"Shading Mode"},"sceneLighting":true,"audioPlay":false,"sceneViewState":{"showFog":true,"showMaterialUpdate":true,"showSkybox":true,"showFlares":true,"showImageEffects":true,"showParticleSystems":true},"in2DMode":false,"pivot":{"x":2.946962833404541,"y":1.332714319229126,"z":-0.7200221419334412},"rotation":{"x":-0.2443094551563263,"y":0.5266225337982178,"z":-0.16119571030139924,"w":-0.7981212735176086},"size":2.435167074203491,"orthographic":false}