{"cameraMode":{"drawMode":0,"name":"Shaded","section":"Shading Mode"},"sceneLighting":false,"audioPlay":false,"sceneViewState":{"showFog":false,"showMaterialUpdate":false,"showSkybox":false,"showFlares":false,"showImageEffects":false,"showParticleSystems":false},"in2DMode":false,"pivot":{"x":-1.566451907157898,"y":0.7574213743209839,"z":1.621565341949463},"rotation":{"x":-0.2042597383260727,"y":0.3524838387966156,"z":-0.07913017272949219,"w":-0.9098195433616638},"size":3.96919846534729,"orthographic":false}