{"cameraMode":{"drawMode":0,"name":"Shaded","section":"Shading Mode"},"sceneLighting":false,"audioPlay":false,"sceneViewState":{"showFog":false,"showMaterialUpdate":false,"showSkybox":false,"showFlares":false,"showImageEffects":false,"showParticleSystems":false},"in2DMode":false,"pivot":{"x":-5.5988993644714359,"y":-0.6416380405426025,"z":1.9195706844329835},"rotation":{"x":-0.14662374556064607,"y":0.5450454950332642,"z":-0.09749381244182587,"w":-0.8197084069252014},"size":10.883042335510254,"orthographic":false}