{"cameraMode":{"drawMode":0,"name":"Shaded","section":"Shading Mode"},"sceneLighting":true,"audioPlay":false,"sceneViewState":{"showFog":false,"showMaterialUpdate":false,"showSkybox":false,"showFlares":false,"showImageEffects":false,"showParticleSystems":false},"in2DMode":false,"pivot":{"x":-0.35286569595336916,"y":-0.1311686933040619,"z":0.19600248336791993},"rotation":{"x":-0.058475062251091,"y":0.5287612676620483,"z":-0.03654524311423302,"w":-0.8459649085998535},"size":2.8391270637512209,"orthographic":false}