{"cameraMode":{"drawMode":0,"name":"Shaded","section":"Shading Mode"},"sceneLighting":true,"audioPlay":false,"sceneViewState":{"showFog":true,"showMaterialUpdate":true,"showSkybox":true,"showFlares":true,"showImageEffects":true,"showParticleSystems":true},"in2DMode":false,"pivot":{"x":1.766365647315979,"y":2.136775016784668,"z":0.3179858326911926},"rotation":{"x":-0.22319364547729493,"y":0.6565408110618591,"z":-0.21287314593791963,"w":-0.6883485913276672},"size":2.435167074203491,"orthographic":true}