{"cameraMode":{"drawMode":0,"name":"Shaded","section":"Shading Mode"},"sceneLighting":true,"audioPlay":false,"sceneViewState":{"showFog":false,"showMaterialUpdate":false,"showSkybox":false,"showFlares":false,"showImageEffects":false,"showParticleSystems":false},"in2DMode":false,"pivot":{"x":14.598235130310059,"y":-2.020679473876953,"z":4.834113121032715},"rotation":{"x":-0.42955678701400759,"y":-0.11461222171783447,"z":0.055067211389541629,"w":-0.8940429091453552},"size":33.14385223388672,"orthographic":false}