{"cameraMode":{"drawMode":0,"name":"Shaded","section":"Shading Mode"},"sceneLighting":false,"audioPlay":false,"sceneViewState":{"showFog":true,"showMaterialUpdate":true,"showSkybox":true,"showFlares":true,"showImageEffects":true,"showParticleSystems":true},"in2DMode":false,"pivot":{"x":12.280136108398438,"y":0.962488055229187,"z":1.8346936702728272},"rotation":{"x":-0.15441925823688508,"y":0.7653439044952393,"z":-0.1995762139558792,"w":-0.5920918583869934},"size":23.140504837036134,"orthographic":false}