{"cameraMode":{"drawMode":0,"name":"Shaded","section":"Shading Mode"},"sceneLighting":true,"audioPlay":false,"sceneViewState":{"showFog":true,"showMaterialUpdate":true,"showSkybox":true,"showFlares":true,"showImageEffects":true,"showParticleSystems":true},"in2DMode":false,"pivot":{"x":-192.72703552246095,"y":-109.0478286743164,"z":-54.493778228759769},"rotation":{"x":-0.15441925823688508,"y":0.7653439044952393,"z":-0.1995762139558792,"w":-0.5920918583869934},"size":238.67955017089845,"orthographic":false}