{"cameraMode":{"drawMode":0,"name":"Shaded","section":"Shading Mode"},"sceneLighting":true,"audioPlay":false,"sceneViewState":{"showFog":true,"showMaterialUpdate":true,"showSkybox":true,"showFlares":true,"showImageEffects":true,"showParticleSystems":true},"in2DMode":false,"pivot":{"x":-89.50362396240235,"y":-13.588770866394043,"z":17.35314178466797},"rotation":{"x":0.06273776292800904,"y":-0.6305344104766846,"z":0.05122854560613632,"w":0.7719236016273499},"size":94.96440887451172,"orthographic":false}