{"cameraMode":{"drawMode":0,"name":"Shaded","section":"Shading Mode"},"sceneLighting":true,"audioPlay":false,"sceneViewState":{"showFog":true,"showMaterialUpdate":true,"showSkybox":true,"showFlares":true,"showImageEffects":true,"showParticleSystems":true},"in2DMode":false,"pivot":{"x":-0.3999999761581421,"y":0.9999999403953552,"z":-0.6000000238418579},"rotation":{"x":-0.2443094551563263,"y":0.5266225337982178,"z":-0.16119571030139924,"w":-0.7981212735176086},"size":8.362168312072754,"orthographic":false}