{"cameraMode":{"drawMode":0,"name":"Shaded","section":"Shading Mode"},"sceneLighting":true,"audioPlay":false,"sceneViewState":{"showFog":true,"showMaterialUpdate":true,"showSkybox":true,"showFlares":true,"showImageEffects":true,"showParticleSystems":true},"in2DMode":false,"pivot":{"x":3.8388640880584719,"y":-4.3491435050964359,"z":-2.7974655628204347},"rotation":{"x":0.13387003540992738,"y":0.8650830984115601,"z":-0.3182968497276306,"w":0.36386430263519289},"size":34.01346969604492,"orthographic":false}