{"cameraMode":{"drawMode":0,"name":"Shaded","section":"Shading Mode"},"sceneLighting":true,"audioPlay":false,"sceneViewState":{"showFog":true,"showMaterialUpdate":true,"showSkybox":true,"showFlares":true,"showImageEffects":true,"showParticleSystems":true},"in2DMode":false,"pivot":{"x":-5.483394145965576,"y":-103.75827026367188,"z":234.0841827392578},"rotation":{"x":-0.19844964146614076,"y":0.024889469146728517,"z":-0.005041004624217749,"w":-0.9797820448875427},"size":285.62713623046877,"orthographic":false}