{"cameraMode":{"drawMode":0,"name":"Shaded","section":"Shading Mode"},"sceneLighting":true,"audioPlay":false,"sceneViewState":{"showFog":true,"showMaterialUpdate":true,"showSkybox":true,"showFlares":true,"showImageEffects":true,"showParticleSystems":true},"in2DMode":false,"pivot":{"x":1.0326228141784669,"y":-2.60404109954834,"z":2.7807435989379885},"rotation":{"x":-0.20728346705436707,"y":0.016654187813401223,"z":-0.0035282981116324665,"w":-0.9781328439712524},"size":20.904661178588868,"orthographic":false}