{"cameraMode":{"drawMode":0,"name":"Shaded","section":"Shading Mode"},"sceneLighting":true,"audioPlay":false,"sceneViewState":{"showFog":true,"showMaterialUpdate":true,"showSkybox":true,"showFlares":true,"showImageEffects":true,"showParticleSystems":true},"in2DMode":false,"pivot":{"x":119.2592544555664,"y":-29.369333267211915,"z":32.16214370727539},"rotation":{"x":-0.1350468099117279,"y":-0.5947539806365967,"z":0.10220102220773697,"w":-0.785865843296051},"size":168.49684143066407,"orthographic":false}