{"cameraMode":{"drawMode":0,"name":"Shaded","section":"Shading Mode"},"sceneLighting":false,"audioPlay":false,"sceneViewState":{"showFog":true,"showMaterialUpdate":true,"showSkybox":true,"showFlares":true,"showImageEffects":true,"showParticleSystems":true},"in2DMode":false,"pivot":{"x":28.595890045166017,"y":-4.370159149169922,"z":16.0023250579834},"rotation":{"x":0.24616993963718415,"y":0.1339791715145111,"z":-0.03437567129731178,"w":0.9593061208724976},"size":35.855613708496097,"orthographic":false}