{"cameraMode":{"drawMode":0,"name":"Shaded","section":"Shading Mode"},"sceneLighting":false,"audioPlay":false,"sceneViewState":{"showFog":true,"showMaterialUpdate":true,"showSkybox":true,"showFlares":true,"showImageEffects":true,"showParticleSystems":true},"in2DMode":false,"pivot":{"x":-37.123329162597659,"y":-120.65162658691406,"z":99.65538024902344},"rotation":{"x":-0.3922525644302368,"y":0.1616957187652588,"z":-0.07025134563446045,"w":-0.9028052091598511},"size":264.74285888671877,"orthographic":false}