{"cameraMode":{"drawMode":0,"name":"Shaded","section":"Shading Mode"},"sceneLighting":true,"audioPlay":false,"sceneViewState":{"showFog":true,"showMaterialUpdate":true,"showSkybox":true,"showFlares":true,"showImageEffects":true,"showParticleSystems":true},"in2DMode":false,"pivot":{"x":-7.928628921508789,"y":-62.86628341674805,"z":47.7734489440918},"rotation":{"x":-0.4391290843486786,"y":0.07579920440912247,"z":-0.03721024841070175,"w":-0.8944470882415772},"size":109.08377838134766,"orthographic":false}