{"cameraMode":{"drawMode":0,"name":"Shaded","section":"Shading Mode"},"sceneLighting":true,"audioPlay":false,"sceneViewState":{"showFog":true,"showMaterialUpdate":true,"showSkybox":true,"showFlares":true,"showImageEffects":true,"showParticleSystems":true},"in2DMode":false,"pivot":{"x":-92.81251525878906,"y":-157.0498504638672,"z":227.02230834960938},"rotation":{"x":-0.25919029116630556,"y":0.18678975105285645,"z":-0.051165852695703509,"w":-0.9462093114852905},"size":316.3764343261719,"orthographic":false}