{"cameraMode":{"drawMode":0,"name":"Shaded","section":"Shading Mode"},"sceneLighting":true,"audioPlay":false,"sceneViewState":{"showFog":true,"showMaterialUpdate":true,"showSkybox":true,"showFlares":true,"showImageEffects":true,"showParticleSystems":true},"in2DMode":false,"pivot":{"x":6.104824066162109,"y":7.1909260749816898,"z":-9.833785057067871},"rotation":{"x":-0.3642403781414032,"y":-0.1094638854265213,"z":0.043154023587703708,"w":-0.923842191696167},"size":6.814177989959717,"orthographic":false}