{"cameraMode":{"drawMode":0,"name":"Shaded","section":"Shading Mode"},"sceneLighting":true,"audioPlay":false,"sceneViewState":{"showFog":true,"showMaterialUpdate":true,"showSkybox":true,"showFlares":true,"showImageEffects":true,"showParticleSystems":true},"in2DMode":false,"pivot":{"x":-39.622222900390628,"y":-24.689411163330079,"z":-11.283013343811036},"rotation":{"x":0.2927108407020569,"y":-0.15090325474739076,"z":0.04720669239759445,"w":0.9432541728019714},"size":67.4862289428711,"orthographic":false}