{"cameraMode":{"drawMode":0,"name":"Shaded","section":"Shading Mode"},"sceneLighting":true,"audioPlay":false,"sceneViewState":{"showFog":true,"showMaterialUpdate":false,"showSkybox":true,"showFlares":true,"showImageEffects":true,"showParticleSystems":true},"in2DMode":false,"pivot":{"x":-14.0101900100708,"y":-9.308384895324707,"z":13.439153671264649},"rotation":{"x":-0.21917253732681275,"y":0.39110180735588076,"z":-0.09645958244800568,"w":-0.8886497020721436},"size":31.40678596496582,"orthographic":false}