{"cameraMode":{"drawMode":0,"name":"Shaded","section":"Shading Mode"},"sceneLighting":true,"audioPlay":false,"sceneViewState":{"showFog":false,"showMaterialUpdate":false,"showSkybox":false,"showFlares":false,"showImageEffects":false,"showParticleSystems":false},"in2DMode":false,"pivot":{"x":42.96442794799805,"y":-7.070138931274414,"z":-30.4573974609375},"rotation":{"x":0.30027055740356448,"y":-0.4721573293209076,"z":0.17500297725200654,"w":0.8101105093955994},"size":954.8944702148438,"orthographic":false}