{"cameraMode":{"drawMode":0,"name":"Shaded","section":"Shading Mode"},"sceneLighting":true,"audioPlay":false,"sceneViewState":{"showFog":true,"showMaterialUpdate":true,"showSkybox":true,"showFlares":true,"showImageEffects":true,"showParticleSystems":true},"in2DMode":false,"pivot":{"x":6.166858196258545,"y":4.775582313537598,"z":-2.1441478729248049},"rotation":{"x":-0.2694966495037079,"y":0.587420642375946,"z":-0.21633078157901765,"w":-0.731785237789154},"size":4.500931262969971,"orthographic":false}