{"cameraMode":{"drawMode":0,"name":"Shaded","section":"Shading Mode"},"sceneLighting":true,"audioPlay":false,"sceneViewState":{"showFog":true,"showMaterialUpdate":true,"showSkybox":true,"showFlares":true,"showImageEffects":true,"showParticleSystems":true},"in2DMode":false,"pivot":{"x":21.676210403442384,"y":-51.50181198120117,"z":34.03153991699219},"rotation":{"x":-0.388554185628891,"y":-0.2033781111240387,"z":0.08835941553115845,"w":-0.8943464756011963},"size":92.80818176269531,"orthographic":false}