{"cameraMode":{"drawMode":0,"name":"Shaded","section":"Shading Mode"},"sceneLighting":true,"audioPlay":false,"sceneViewState":{"showFog":true,"showMaterialUpdate":false,"showSkybox":true,"showFlares":true,"showImageEffects":true,"showParticleSystems":true},"in2DMode":false,"pivot":{"x":-3.4160091876983644,"y":-2.615508794784546,"z":4.993795871734619},"rotation":{"x":-0.25003764033317568,"y":0.22182904183864594,"z":-0.05896608531475067,"w":-0.9406360387802124},"size":15.529693603515625,"orthographic":false}