{"cameraMode":{"drawMode":0,"name":"Shaded","section":"Shading Mode"},"sceneLighting":false,"audioPlay":false,"sceneViewState":{"showFog":true,"showMaterialUpdate":true,"showSkybox":true,"showFlares":true,"showImageEffects":true,"showParticleSystems":true},"in2DMode":false,"pivot":{"x":0.016715433448553087,"y":8.403433799743653,"z":-9.840320587158204},"rotation":{"x":0.2028076946735382,"y":0.06345789134502411,"z":-0.013168301433324814,"w":0.9770715236663818},"size":13.873302459716797,"orthographic":false}