{"cameraMode":{"drawMode":0,"name":"Shaded","section":"Shading Mode"},"sceneLighting":true,"audioPlay":false,"sceneViewState":{"showFog":true,"showMaterialUpdate":true,"showSkybox":true,"showFlares":true,"showImageEffects":true,"showParticleSystems":true},"in2DMode":false,"pivot":{"x":-3.513862133026123,"y":-28.470081329345704,"z":19.50641441345215},"rotation":{"x":-0.4547915458679199,"y":0.08309158682823181,"z":-0.04266330972313881,"w":-0.8856863975524902},"size":45.27540969848633,"orthographic":false}