{"cameraMode":{"drawMode":0,"name":"Shaded","section":"Shading Mode"},"sceneLighting":false,"audioPlay":false,"sceneViewState":{"showFog":true,"showMaterialUpdate":false,"showSkybox":true,"showFlares":true,"showImageEffects":true,"showParticleSystems":true},"in2DMode":false,"pivot":{"x":11.702966690063477,"y":3.2327728271484377,"z":6.203330993652344},"rotation":{"x":-0.07607705891132355,"y":0.921993613243103,"z":-0.2976931929588318,"w":-0.2356245219707489},"size":56.72642517089844,"orthographic":false}