{"cameraMode":{"drawMode":0,"name":"Shaded","section":"Shading Mode"},"sceneLighting":false,"audioPlay":false,"sceneViewState":{"showFog":true,"showMaterialUpdate":false,"showSkybox":true,"showFlares":true,"showImageEffects":true,"showParticleSystems":true},"in2DMode":false,"pivot":{"x":9.162942886352539,"y":1.0142048597335816,"z":3.8682661056518556},"rotation":{"x":0.059480879455804828,"y":-0.6897488236427307,"z":0.057033684104681018,"w":0.7193440198898315},"size":7.2473464012146,"orthographic":false}