{"cameraMode":{"drawMode":0,"name":"Shaded","section":"Shading Mode"},"sceneLighting":false,"audioPlay":false,"sceneViewState":{"showFog":true,"showMaterialUpdate":false,"showSkybox":true,"showFlares":true,"showImageEffects":true,"showParticleSystems":true},"in2DMode":false,"pivot":{"x":-2.753814697265625,"y":18.21744155883789,"z":5.060489654541016},"rotation":{"x":-0.11905878037214279,"y":0.8648940920829773,"z":-0.24385081231594087,"w":-0.42227962613105776},"size":60.25408172607422,"orthographic":false}