{"cameraMode":{"drawMode":0,"name":"Shaded","section":"Shading Mode"},"sceneLighting":false,"audioPlay":false,"sceneViewState":{"showFog":false,"showMaterialUpdate":false,"showSkybox":false,"showFlares":false,"showImageEffects":false,"showParticleSystems":false},"in2DMode":false,"pivot":{"x":5.078851699829102,"y":-1.2560395002365113,"z":0.507567286491394},"rotation":{"x":0.1609591394662857,"y":0.6462032794952393,"z":-0.14202828705310822,"w":0.7323533892631531},"size":8.177779197692871,"orthographic":false}