{"cameraMode":{"drawMode":0,"name":"Shaded","section":"Shading Mode"},"sceneLighting":true,"audioPlay":false,"sceneViewState":{"showFog":true,"showMaterialUpdate":true,"showSkybox":true,"showFlares":true,"showImageEffects":true,"showParticleSystems":true},"in2DMode":false,"pivot":{"x":-7.1399922370910648,"y":2.796456813812256,"z":-1.3209333419799805},"rotation":{"x":0.2661578953266144,"y":-0.4807608425617218,"z":0.15588365495204926,"w":0.8208101391792297},"size":40.20897674560547,"orthographic":false}