{"cameraMode":{"drawMode":0,"name":"Shaded","section":"Shading Mode"},"sceneLighting":false,"audioPlay":false,"sceneViewState":{"showFog":false,"showMaterialUpdate":false,"showSkybox":false,"showFlares":false,"showImageEffects":false,"showParticleSystems":false},"in2DMode":false,"pivot":{"x":-17.395191192626954,"y":-4.653708457946777,"z":11.298991203308106},"rotation":{"x":-0.2031598538160324,"y":0.780596911907196,"z":-0.31844890117645266,"w":-0.49798083305358889},"size":2.201375961303711,"orthographic":false}