{"cameraMode":{"drawMode":0,"name":"Shaded","section":"Shading Mode"},"sceneLighting":false,"audioPlay":false,"sceneViewState":{"showFog":false,"showMaterialUpdate":false,"showSkybox":false,"showFlares":false,"showImageEffects":false,"showParticleSystems":false},"in2DMode":false,"pivot":{"x":-1.3009110689163209,"y":1.3485891819000245,"z":11.458294868469239},"rotation":{"x":-0.031776074320077899,"y":0.05487270653247833,"z":-0.0017437436617910863,"w":-0.9979860782623291},"size":13.412542343139649,"orthographic":false}