{"cameraMode":{"drawMode":0,"name":"Shaded","section":"Shading Mode"},"sceneLighting":false,"audioPlay":false,"sceneViewState":{"showFog":false,"showMaterialUpdate":false,"showSkybox":false,"showFlares":false,"showImageEffects":false,"showParticleSystems":false},"in2DMode":false,"pivot":{"x":7.987321853637695,"y":5.797427177429199,"z":-2.4908628463745119},"rotation":{"x":0.25969281792640688,"y":-0.49708032608032229,"z":0.1588658094406128,"w":0.8125469088554382},"size":2.2013745307922365,"orthographic":false}