{"cameraMode":{"drawMode":0,"name":"Shaded","section":"Shading Mode"},"sceneLighting":false,"audioPlay":false,"sceneViewState":{"showFog":false,"showMaterialUpdate":false,"showSkybox":false,"showFlares":false,"showImageEffects":false,"showParticleSystems":false},"in2DMode":false,"pivot":{"x":-1.670332670211792,"y":18.48238182067871,"z":-5.0269622802734379},"rotation":{"x":0.05870455130934715,"y":-0.2285558432340622,"z":0.013804417103528977,"w":0.9716612100601196},"size":20.88460922241211,"orthographic":false}